Year,File Name,File Date,Record Count,Status (Sent or Pending),DATAStage Location ,Downloaded Files Record Count2
2005,e62533,12/01/2005,46176,,/data/Claims/CLAIM_ENC/2005,
2006,e65073,01/01/2006,71480,,/data/Claims/CLAIM_ENC/2006,
2006,e68231,02/01/2006,60961,,/data/Claims/CLAIM_ENC/2006,
2006,e71909,03/01/2006,57526,,/data/Claims/CLAIM_ENC/2006,
2006,e75612,04/01/2006,54790,,/data/Claims/CLAIM_ENC/2006,
2006,e78492,05/01/2006,68576,,/data/Claims/CLAIM_ENC/2006,
2006,e81693,06/01/2006,55928,,/data/Claims/CLAIM_ENC/2006,
2006,e86550,07/01/2006,66372,,/data/Claims/CLAIM_ENC/2006,
2006,e89045,08/01/2006,53593,,/data/Claims/CLAIM_ENC/2006,
2006,e93409,09/01/2006,54306,,/data/Claims/CLAIM_ENC/2006,
2006,e96548,10/01/2006,68284,,/data/Claims/CLAIM_ENC/2006,
2006,e100310,11/01/2006,52374,,/data/Claims/CLAIM_ENC/2006,
2006,e103872,12/01/2006,57900,,/data/Claims/CLAIM_ENC/2006,
2007,e109755,01/01/2007,76380,,/data/Claims/CLAIM_ENC/2007,
2007,e113554,02/01/2007,62936,,/data/Claims/CLAIM_ENC/2007,
2007,e118021,03/01/2007,56218,,/data/Claims/CLAIM_ENC/2007,
2007,e124667,04/01/2007,71151,,/data/Claims/CLAIM_ENC/2007,
2007,e128884,05/01/2007,55543,,/data/Claims/CLAIM_ENC/2007,
2007,e133494,06/01/2007,53973,,/data/Claims/CLAIM_ENC/2007,
2007,e138082,07/01/2007,54960,,/data/Claims/CLAIM_ENC/2007,
2007,e143726,08/01/2007,75508,,/data/Claims/CLAIM_ENC/2007,
2007,e148773,09/01/2007,61248,,/data/Claims/CLAIM_ENC/2007,
2007,e155192,10/01/2007,77540,,/data/Claims/CLAIM_ENC/2007,
2007,e160076,11/01/2007,62145,,/data/Claims/CLAIM_ENC/2007,
2007,e164422,12/01/2007,58848,,/data/Claims/CLAIM_ENC/2007,
2008,e170480,01/01/2008,69211,,/data/Claims/CLAIM_ENC/2008,
2008,e176811,02/01/2008,57151,,/data/Claims/CLAIM_ENC/2008,
2008,e182233,03/01/2008,78021,,/data/Claims/CLAIM_ENC/2008,
2008,e189171,04/01/2008,54660,,/data/Claims/CLAIM_ENC/2008,
2008,e195926,05/01/2008,58979,,/data/Claims/CLAIM_ENC/2008,
2008,e203989,06/01/2008,66295,,/data/Claims/CLAIM_ENC/2008,
2008,e211043,07/01/2008,54290,,/data/Claims/CLAIM_ENC/2008,
2008,e219532,08/01/2008,75926,,/data/Claims/CLAIM_ENC/2008,
2008,e226494,09/01/2008,79008,,/data/Claims/CLAIM_ENC/2008,
2008,e234221,10/01/2008,63759,,/data/Claims/CLAIM_ENC/2008,
2008,e240826,11/01/2008,65333,,/data/Claims/CLAIM_ENC/2008,
2008,e246979,12/01/2008,77038,,/data/Claims/CLAIM_ENC/2008,
2009,e254171,01/01/2009,62280,,/data/Claims/CLAIM_ENC/2009,
2009,e261082,02/01/2009,67919,,/data/Claims/CLAIM_ENC/2009,
2009,e268969,03/01/2009,84340,,/data/Claims/CLAIM_ENC/2009,
2009,e276968,04/01/2009,71837,,/data/Claims/CLAIM_ENC/2009,
2009,e285002,05/01/2009,66600,,/data/Claims/CLAIM_ENC/2009,
2009,e291767,06/01/2009,80523,,/data/Claims/CLAIM_ENC/2009,
2009,e302253,07/01/2009,63029,,/data/Claims/CLAIM_ENC/2009,
2009,e306792,08/01/2009,80977,,/data/Claims/CLAIM_ENC/2009,
2009,e318575,09/01/2009,69736,,/data/Claims/CLAIM_ENC/2009,
2009,e325073,10/01/2009,62239,,/data/Claims/CLAIM_ENC/2009,
2009,e332093,11/01/2009,101650,,/data/Claims/CLAIM_ENC/2009,
2009,e341816,12/01/2009,65591,,/data/Claims/CLAIM_ENC/2009,
2010,e350628,01/01/2010,60790,,/data/Claims/CLAIM_ENC/2010,
2010,e360826,02/01/2010,65129,,/data/Claims/CLAIM_ENC/2010,
2010,e371413,03/01/2010,100269,,/data/Claims/CLAIM_ENC/2010,
2010,e386876,04/01/2010,67962,,/data/Claims/CLAIM_ENC/2010,
2010,e400123,05/01/2010,73110,,/data/Claims/CLAIM_ENC/2010,
2010,e413660,06/01/2010,84159,,/data/Claims/CLAIM_ENC/2010,
2010,e427782,07/01/2010,69058,,/data/Claims/CLAIM_ENC/2010,
2011,e581845,03/01/2011,852243,,/data/Claims/CLAIM_ENC/2011,
2011,e613926,05/01/2011,1199665,,/data/Claims/CLAIM_ENC/2011,
2011,e629077,06/01/2011,301007,,/data/Claims/CLAIM_ENC/2011,
2011,e652862,07/01/2011,273219,,/data/Claims/CLAIM_ENC/2011,
2011,e694154,08/01/2011,279422,,/data/Claims/CLAIM_ENC/2011,
2011,e732734,09/01/2011,363524,,/data/Claims/CLAIM_ENC/2011,
2011,e772966,10/01/2011,326694,,/data/Claims/CLAIM_ENC/2011,
2011,e800794,11/01/2011,306691,,/data/Claims/CLAIM_ENC/2011,
2011,e817487,12/01/2011,328668,,/data/Claims/CLAIM_ENC/2011,
2012,e833186,01/01/2012,278831,,/data/Claims/CLAIM_ENC/2012,
2012,e848840,02/01/2012,225365,,/data/Claims/CLAIM_ENC/2012,
2012,e863673,03/01/2012,328509,,/data/Claims/CLAIM_ENC/2012,
2012,e877702,04/01/2012,249524,,/data/Claims/CLAIM_ENC/2012,
2012,e894126,05/01/2012,292240,,/data/Claims/CLAIM_ENC/2012,
2012,e909818,06/01/2012,326489,,/data/Claims/CLAIM_ENC/2012,
2012,e924023,07/01/2012,260929,,/data/Claims/CLAIM_ENC/2012,
2012,e944617,08/01/2012,327003,,/data/Claims/CLAIM_ENC/2012,
2012,e958904,09/01/2012,339702,,/data/Claims/CLAIM_ENC/2012,
2012,e975741,10/01/2012,285884,,/data/Claims/CLAIM_ENC/2012,
2012,e1018694,11/01/2012,362721,,/data/Claims/CLAIM_ENC/2012,
2012,e1020979,12/01/2012,340010,,/data/Claims/CLAIM_ENC/2012,
2013,e1029876,01/01/2013,350623,,/data/Claims/CLAIM_ENC/2013,
2013,e1045339,02/01/2013,498946,,/data/Claims/CLAIM_ENC/2013,
2013,e1060468,03/01/2013,497558,,/data/Claims/CLAIM_ENC/2013,
2013,e1082511,04/01/2013,478039,,/data/Claims/CLAIM_ENC/2013,
2013,e1102104,05/01/2013,491418,,/data/Claims/CLAIM_ENC/2013,
2013,e1117704,06/01/2013,460094,,/data/Claims/CLAIM_ENC/2013,
2013,e1143220,07/01/2013,407172,,/data/Claims/CLAIM_ENC/2013,
2013,e1160700,08/01/2013,439235,,/data/Claims/CLAIM_ENC/2013,
2013,e1178849,09/01/2013,446297,,/data/Claims/CLAIM_ENC/2013,
2013,e1200644,10/01/2013,468396,,/data/Claims/CLAIM_ENC/2013,
2013,e1221039,11/01/2013,490347,,/data/Claims/CLAIM_ENC/2013,
2013,e1238881,12/01/2013,419494,,/data/Claims/CLAIM_ENC/2013,
2014,e1260463,01/01/2014,365838,,/data/Claims/CLAIM_ENC/2014,
2014,e1279203,02/01/2014,401063,,/data/Claims/CLAIM_ENC/2014,
2014,e1299239,03/01/2014,295798,,/data/Claims/CLAIM_ENC/2014,
2014,e1315694,04/01/2014,454179,,/data/Claims/CLAIM_ENC/2014,
2014,e1335458,05/01/2014,527027,,/data/Claims/CLAIM_ENC/2014,
2014,e1354266,06/01/2014,578800,,/data/Claims/CLAIM_ENC/2014,
2014,e1374384,07/01/2014,589645,,/data/Claims/CLAIM_ENC/2014,
2014,e1393286,08/01/2014,488035,,/data/Claims/CLAIM_ENC/2014,
2014,e1411894,09/01/2014,424214,,/data/Claims/CLAIM_ENC/2014,
2014,e1432037,10/01/2014,336400,,/data/Claims/CLAIM_ENC/2014,
2014,e1450629,11/01/2014,407474,,/data/Claims/CLAIM_ENC/2014,
2014,e1468737,12/01/2014,620602,,/data/Claims/CLAIM_ENC/2014,
2015,e1488229,01/01/2015,389028,,/data/Claims/CLAIM_ENC/2015,
2015,e1506926,02/01/2015,552042,,/data/Claims/CLAIM_ENC/2015,
2015,e1525697,03/01/2015,599430,,/data/Claims/CLAIM_ENC/2015,
2015,e1546256,04/01/2015,536436,,/data/Claims/CLAIM_ENC/2015,
2015,e1565600,05/01/2015,462312,,/data/Claims/CLAIM_ENC/2015,
2015,e1584139,06/01/2015,426115,,/data/Claims/CLAIM_ENC/2015,
2015,e1676141,07/01/2015,458075,,/data/Claims/CLAIM_ENC/2015,
2015,e1698984,08/01/2015,490691,,/data/Claims/CLAIM_ENC/2015,
2015,e1718412,09/01/2015,418381,,/data/Claims/CLAIM_ENC/2015,
2015,e1742052,10/01/2015,549163,,/data/Claims/CLAIM_ENC/2015,
2015,e1762042,11/01/2015,472323,,/data/Claims/CLAIM_ENC/2015,
2015,e1781580,12/01/2015,489715,,/data/Claims/CLAIM_ENC/2015,
2016,e1803615,01/01/2016,531192,,,
2016,e1824489,02/01/2016,786499,,,
2016,e1848307,03/01/2016,627873,,,
2016,e1877255,04/01/2016,706732,,,
2016,e1898143,05/01/2016,619324,,,
2016,e1919572,06/01/2016,525810,,,
2016,e1962891,07/01/2016,472243,,,
2016,e1970123,08/01/2016,539476,,,
2016,e1997981,09/01/2016,515081,,,
2016,e2033495,10/01/2016,417873,,,
2016,e2056292,11/01/2016,639582,,,
2016,e2076891,12/01/2016,398506,,,
2017,e2119329,01/01/2017,816408,,,
2017,e2119710,02/01/2017,1044190,,,
2017,e2141399,03/01/2017,1096653,,,
2017,e2163428,04/01/2017,1135127,,,
2017,MED8.NMC.DMA.ENCCLM.JUN2017,05/01/2017,1153541,,,
2017,e2240422,06/01/2017,1353643,,,
2017,e2265292,07/01/2017,1256026,,,
2017,e2290530,08/01/2017,1623268,,,
2017,e2313185,09/01/2017,1494425,,,
2017,e2342248,10/01/2017,1661480,,,
2017,e2372522,11/01/2017,1663086,,,
2017,e2394130,12/01/2017,1920924,,,
2018,e2421046,01/01/2018,1854515,,,
2018,e2441494,02/01/2018,1682925,,,
2018,e2465200,03/01/2018,1882799,,,
2018,e2492279,04/01/2018,1973046,,,
2018,e2514092,05/01/2018,1619641,,,
2018,e2541228,06/01/2018,1433866,,,
2018,e2574067,07/01/2018,1498182,,,
2018,e2610743,08/01/2018,1608360,,,
2018,MED8.NMC.DMA.ENCCLM.SEP2018,09/01/2018,1533424,,,
2018,MED8.NMC.DMA.ENCCLM.OCT2018,10/01/2018,1710299,,,
2018,MED8.NMC.DMA.ENCCLM.NOV2018,11/01/2018,1487378,,,
2018,MED8.NMC.DMA.ENCCLM.DEC2018,12/01/2018,1482522,,,
2019,MED8.NMC.DMA.ENCCLM.JAN2019,01/01/2019,1524551,,,
2019,MED8.NMC.DMA.ENCCLM.FEB2019,02/01/2019,1315787,,,
2019,MED8.NMC.DMA.ENCCLM.MAR2019,03/01/2019,1438035,,,
2019,MED8.NMC.DMA.ENCCLM.APR2019,04/01/2019,1372522,,,
2019,MED8.NMC.DMA.ENCCLM.MAY2019,05/01/2019,1486911,,,
2019,MED8.NMC.DMA.ENCCLM.JUN2019,06/01/2019,1163316,,,
2019,MED8.NMC.DMA.ENCCLM.JUL2019,07/01/2019,1256278,,,
2019,MED8.NMC.DMA.ENCCLM.AUG2019,08/01/2019,1405722,,,
2019,MED8.NMC.DMA.ENCCLM.SEP2019,09/01/2019,1537924,,,
2019,MED8.NMC.DMA.ENCCLM.OCT2019,10/01/2019,1529170,,,
2019,MED8.NMC.DMA.ENCCLM.NOV2019,11/01/2019,1312762,,,
2019,MED8.NMC.DMA.ENCCLM.DEC2019,12/01/2019,1457407,,,
2020,MED8.NMC.DMA.ENCCLM.JAN2020,01/01/2020,1496681,,,
2020,MED8.NMC.DMA.ENCCLM.FEB2020,02/01/2020,1376889,,,
2020,MED8.NMC.DMA.ENCCLM.MAR2020,03/01/2020,1557100,,,
2020,NMC7.MENC.DMA,04/01/2020,1110225,,,
2020,NMC7.MENC.DMA,05/01/2020,1136494,,,
2020,NMC7.MENC.DMA,06/01/2020,1185611,,,
2020,NMC7.MENC.DMA,07/01/2020,1278761,,,
2020,NMC7.MENC.DMA,08/01/2020,1478070,,,
2020,NMC7.MENC.DMA,09/01/2020,1374185,,,
2020,NMC7.MENC.DMA,10/01/2020,1498175,,,
